Name,Age,Mobile_Number,Departure_Place,Destination_Place,Number_of_Rides
Ivy,25,555-8961,Madhavan Nayar Foundation,Madhavan Nayar Foundation,58
Grace,36,555-9057,Kochi Metro Center,Madhavan Nayar Foundation,43
Charlie,50,555-6913,Madhavan Nayar Foundation,Kochi Metro Center,59
Nora,36,555-7985,Kochi Metro Center,Kochi Metro Center,57
David,29,555-5020,Madhavan Nayar Foundation,Kochi Metro Center,38
Ivy,21,555-5919,Kochi Metro Center,Kochi Metro Center,57
Rachel,27,555-3256,Kochi Metro Center,Kochi Metro Center,49
Liam,26,555-4136,Madhavan Nayar Foundation,Kochi Metro Center,38
Derek,29,555-7254,Kochi Metro Center,Kochi Metro Center,52
Jack,22,555-5756,Kochi Metro Center,Madhavan Nayar Foundation,40
Alice,26,555-2273,Madhavan Nayar Foundation,Madhavan Nayar Foundation,48
Tom,24,555-2477,Madhavan Nayar Foundation,Madhavan Nayar Foundation,57
Nora,23,555-6313,Madhavan Nayar Foundation,Kochi Metro Center,51
Bob,41,555-6767,Madhavan Nayar Foundation,Kochi Metro Center,51
Rachel,30,555-6254,Madhavan Nayar Foundation,Kochi Metro Center,40
Penny,47,555-4046,Kochi Metro Center,Kochi Metro Center,49
Tom,28,555-3528,Madhavan Nayar Foundation,Madhavan Nayar Foundation,50
Kathy,25,555-4445,Madhavan Nayar Foundation,Kochi Metro Center,53
Julia,46,555-5033,Madhavan Nayar Foundation,Kochi Metro Center,37
Grace,47,555-7021,Kochi Metro Center,Madhavan Nayar Foundation,39
Julia,28,555-9339,Kochi Metro Center,Madhavan Nayar Foundation,46
Tyler,35,555-7103,Kochi Metro Center,Kochi Metro Center,56
Jack,31,555-9581,Madhavan Nayar Foundation,Madhavan Nayar Foundation,42
Victoria,26,555-4968,Kochi Metro Center,Kochi Metro Center,53
Ben,29,555-1521,Madhavan Nayar Foundation,Madhavan Nayar Foundation,53
Devika Shaji,23,555-5222,Madhavan Nayar Foundation,Madhavan Nayar Foundation,60
Baiju P K,22,555-3770,Kochi Metro Center,Madhavan Nayar Foundation,40
Abhijith N S,42,555-3174,Kochi Metro Center,Madhavan Nayar Foundation,41
Suresh Kumar,39,555-9480,Madhavan Nayar Foundation,Kochi Metro Center,46
Sajesh P S,41,555-9354,Madhavan Nayar Foundation,Kochi Metro Center,57
Thankamma Bhaskaran,25,555-6566,Madhavan Nayar Foundation,Kochi Metro Center,54
Bhaskaran O S,46,555-1294,Madhavan Nayar Foundation,Madhavan Nayar Foundation,59
Lija Fathima,40,555-6710,Madhavan Nayar Foundation,Kochi Metro Center,39
Bibin Philippe,26,555-2537,Kochi Metro Center,Madhavan Nayar Foundation,40
Suzan Thomas,30,555-1803,Madhavan Nayar Foundation,Madhavan Nayar Foundation,51
Namitha Unnikrishnan,48,555-2823,Madhavan Nayar Foundation,Madhavan Nayar Foundation,59
Merin T George,49,555-6194,Madhavan Nayar Foundation,Madhavan Nayar Foundation,53
Moly Jacob George,32,555-4193,Madhavan Nayar Foundation,Kochi Metro Center,54
Boby Jacob George,38,555-7445,Madhavan Nayar Foundation,Madhavan Nayar Foundation,36
Prithvi Saathvik,23,555-1890,Kochi Metro Center,Kochi Metro Center,51
Hiranya Renu,42,555-8632,Kochi Metro Center,Kochi Metro Center,41
Bharathvaj P,26,555-8470,Kochi Metro Center,Kochi Metro Center,52
Parvathi P Menon,39,555-7213,Madhavan Nayar Foundation,Madhavan Nayar Foundation,46
Saranya S Nair,43,555-7720,Madhavan Nayar Foundation,Kochi Metro Center,50
Anagha M S,23,555-2641,Madhavan Nayar Foundation,Kochi Metro Center,44
Shiju M G,40,555-6530,Kochi Metro Center,Madhavan Nayar Foundation,45
Arun P S,21,555-2889,Madhavan Nayar Foundation,Kochi Metro Center,38
Amal K G,21,555-5040,Kochi Metro Center,Kochi Metro Center,54
Edwin Antony,50,555-9797,Kochi Metro Center,Madhavan Nayar Foundation,37
Elvin Thomas,23,555-1390,Madhavan Nayar Foundation,Madhavan Nayar Foundation,48
